{"cameraMode":{"drawMode":0,"name":"Shaded","section":"Shading Mode"},"sceneLighting":false,"audioPlay":false,"sceneViewState":{"showFog":true,"showMaterialUpdate":false,"showSkybox":false,"showFlares":true,"showImageEffects":true,"showParticleSystems":true},"in2DMode":false,"pivot":{"x":35.8165168762207,"y":-11.082374572753907,"z":36.76643753051758},"rotation":{"x":0.012584211304783821,"y":0.9551810026168823,"z":0.04098895564675331,"w":-0.2929603159427643},"size":120.84162139892578,"orthographic":false}