{"cameraMode":{"drawMode":0,"name":"Shaded","section":"Shading Mode"},"sceneLighting":false,"audioPlay":false,"sceneViewState":{"showFog":true,"showMaterialUpdate":false,"showSkybox":false,"showFlares":true,"showImageEffects":true,"showParticleSystems":true},"in2DMode":false,"pivot":{"x":-4.780457496643066,"y":0.5370161533355713,"z":1.9086191654205323},"rotation":{"x":-0.47139987349510195,"y":-0.3151235282421112,"z":0.1850700080394745,"w":-0.8026973009109497},"size":0.8660253882408142,"orthographic":false}