{"cameraMode":{"drawMode":0,"name":"Shaded","section":"Shading Mode"},"sceneLighting":false,"audioPlay":false,"sceneViewState":{"showFog":true,"showMaterialUpdate":false,"showSkybox":false,"showFlares":true,"showImageEffects":true,"showParticleSystems":true},"in2DMode":false,"pivot":{"x":0.0,"y":0.594825029373169,"z":4.76837158203125e-7},"rotation":{"x":-0.11542387306690216,"y":-0.13131549954414369,"z":0.015394729562103749,"w":-0.9844844937324524},"size":10.479092597961426,"orthographic":false}