{"cameraMode":{"drawMode":0,"name":"Shaded","section":"Shading Mode"},"sceneLighting":false,"audioPlay":false,"sceneViewState":{"showFog":true,"showMaterialUpdate":false,"showSkybox":false,"showFlares":true,"showImageEffects":true,"showParticleSystems":true},"in2DMode":false,"pivot":{"x":-8.096404075622559,"y":1.5002667903900147,"z":6.859418869018555},"rotation":{"x":0.026804499328136445,"y":-0.18842552602291108,"z":0.00521094212308526,"w":0.9817955493927002},"size":4.062019348144531,"orthographic":false}